first_name,last_name,description,photo
Bob,Ross,"(1942-1995) był amerykańskim malarzem i telewizyjnym osobowością, znany z prowadzenia programu ""The Joy of Painting"". Jego szybkie i łatwe techniki malowania krajobrazów były skierowane do początkujących artystów, a jego pozytywne i relaksujące podejście do nauczania malowania przyniosło mu międzynarodową sławę i stałe miejsce w kulturze popularnej.","BobRoss.jpg"
Alfons,Mucha,"(1860-1939) był czeskim malarzem, grafikiem i projektantem, który stał się jedną z wybitnych postaci secesji, zwanej też stylem Art Nouveau. Jego prace, pełne eleganckich kobiet otoczonych kwiatowymi motywami, stały się synonimem tego stylu. Mucha był również znanym projektantem teatralnym i reklamowym, a jego styl miał ogromny wpływ na wizualną kulturę przełomu wieku.","AlfonsMucha.jpg"
André,Hemer,"działający na początku XXI wieku, jest nowozelandzkim artystą, którego prace badają granice między malarstwem a cyfrowym medium. Tworzy dzieła, które mieszają tradycyjne farby z cyfrowymi obrazami i wydrukami, prowokując pytania o naturę i percepcję obrazu w dobie technologii cyfrowej.","AndreHeme.jpg"
Zdzisław,Beksiński,"(1929-2005) był polskim malarzem, rzeźbiarzem i fotografem, którego unikatowy styl wywarł znaczący wpływ na sztukę współczesną. Tworzył głównie w kategoriach surrealizmu i fantastyki, a jego obrazy charakteryzują się dystopijnymi sceneriami i niepokojącymi, apokaliptycznymi wizjami. Jego prace często wykazywały obsesję na punkcie śmierci, zniszczenia i przemijania, co przyczyniło się do kultowego statusu artysty wśród miłośników mrocznej estetyki.","beksinski.jpg"
Claude,Monet,"(1840-1926) był prekursorem i wiodącą postacią francuskiego impresjonizmu. Jego technika polegająca na uchwyceniu subtelnych efektów światła i koloru na płótnie doprowadziła do rewolucji w malarstwie. Cykl obrazów ""Wodne lilie"" z jego ogrodu w Giverny jest uważany za szczytowe osiągnięcie artysty i fundamentalny wkład w rozwój sztuki nowoczesnej.","ClaudeMonet.jpg"
René,Magritte,"(1898-1967) był belgijskim surrealistą, którego dzieła są znane z inteligentnej gry z kontekstem i rzeczywistością. Jego obrazy często zawierają przedmioty codziennego użytku w nieoczekiwanych konfiguracjach, co prowokuje do zastanowienia się nad naturą percepcji i iluzji. Magritte wykorzystywał humor i paradoks w swoich pracach, aby badać warunki ludzkiej egzystencji.","renemagritte.jpeg"
Salvador,Dalí,"(1904-1989), hiszpański surrealista, jest powszechnie znany z jego wyrazistych i fantazyjnych obrazów pełnych symboliki i nietypowych asocjacji. Jego technika i wyobraźnia osiągnęły szczyt w takich pracach jak ""Trwałość pamięci"" z roztopionymi zegarami. Dalí był również wybitnym rzemieślnikiem i umiejętnie wykorzystywał swoje umiejętności do eksplorowania tematów podświadomości, seksu i rozkładu.","salvadordali.jpg"
Thomas,Kinkade,"(1958-2012), znany jako ""Malarz Światła"", był jednym z najbardziej rozpoznawalnych i komercyjnie udanych artystów w Stanach Zjednoczonych. Jego prace, które często przedstawiały sielskie, oświetlone i idealizowane sceny, były kochane przez szeroką publiczność za ich ciepło i nostalgię. Kinkade wykorzystywał światło do nadawania swoim obrazom niezwykłej, niemal duchowej jakości.","ThomasKinkade.jpg"
William,Turner,"(1775-1851), był angielskim romantycznym malarzem pejzażystą, którego technika prefigurowała impresjonizm. Jego prace, znane z dramatycznych przedstawień światła i atmosfery, często opisywane są jako ""malowanie światłem"". Turner był również innowatorem w użyciu koloru i kompozycji, a jego eksperymentalne podejście do pejzażu miało duży wpływ na późniejsze pokolenia artystów.","Turner.jpg"
Vincent,"van Gogh","(1853-1890) jest jednym z najbardziej cenionych postimpresjonistów, którego intensywne, ekspresyjne użycie koloru i dynamicznych pociągnięć pędzlem wywarło ogromny wpływ na XX-wieczną sztukę. Jego osobiste życie, naznaczone walką z chorobą psychiczną i ubóstwem, dodaje głębi emocjonalnej jego dziełom, z których najbardziej znane to ""Gwiaździsta noc"" i seria ""Słoneczników"".","vangogh.jpg"
Wassily,Kandinsky,"(1866-1944) był pionierem abstrakcyjnego malarstwa i jednym z założycieli grupy artystycznej Der Blaue Reiter. Jego prace charakteryzują się intensywnymi kolorami i abstrakcyjnymi formami, które miały wywoływać emocjonalne rezonanse u widza, podobnie jak muzyka. Kandinsky wierzył w głęboki duchowy wymiar sztuki i jego teorie miały duży wpływ na rozwój modernizmu.","WassilyKandinsky.jpg"
